LEFT,RIGHT
Brand,OnePlusSmartphones by OnePlus
Aliases,A6010
Unveiled,"October 2018,2 months ago"
State,On Sale
Predecessor,
Brand,XiaomiSmartphones by Xiaomi
Aliases,Polaris
Unveiled,"March 2018,9 months ago"
State,On Sale
Predecessor,
Successors,
Brand,XiaomiSmartphones by Xiaomi
Aliases,Polaris
Unveiled,"March 2018,9 months ago"
State,On Sale
Predecessor,
Successors,
Brand,OnePlusSmartphones by OnePlus
Aliases,A6000
Unveiled,"May 2018,7 months ago"
State,On Sale
Predecessor,
Successors,
Brand,OnePlusSmartphones by OnePlus
Aliases,A6013
Unveiled,"October 2018,2 months ago"
State,On Sale
Predecessor,
Brand,XiaomiSmartphones by Xiaomi
Aliases,Polaris
Unveiled,"March 2018,9 months ago"
State,On Sale
Predecessor,
Successors,
Brand,OnePlusSmartphones by OnePlus
Aliases,A6010
Unveiled,"October 2018,2 months ago"
State,On Sale
Predecessor,
Brand,OnePlusSmartphones by OnePlus
Aliases,A6013
Unveiled,"October 2018,2 months ago"
State,On Sale
Predecessor,
Brand,OnePlusSmartphones by OnePlus
Aliases,A6010
Unveiled,"October 2018,2 months ago"
State,On Sale
Predecessor,
Brand,OnePlusSmartphones by OnePlus
Aliases,A6003
Unveiled,"May 2018,7 months ago"
State,On Sale
Predecessor,
Successors,
Brand,OnePlusSmartphones by OnePlus
Aliases,A6003
Unveiled,"May 2018,7 months ago"
State,On Sale
Predecessor,
Successors,
Brand,OnePlusSmartphones by OnePlus
Aliases,A6013
Unveiled,"October 2018,2 months ago"
State,On Sale
Predecessor,
Brand,XiaomiSmartphones by Xiaomi
Aliases,Xiaomi Mi 8
Unveiled,"May 2018,7 months ago"
State,On Sale
Predecessor,
Brand,XiaomiSmartphones by Xiaomi
Aliases,Xiaomi Mi 8
Unveiled,"May 2018,7 months ago"
State,On Sale
Predecessor,
Brand,XiaomiSmartphones by Xiaomi
Aliases,M1810E5A
Unveiled,"October 2018,2 months ago"
State,On Sale
Predecessor,
Brand,OnePlusSmartphones by OnePlus
Aliases,A6000
Unveiled,"May 2018,7 months ago"
State,On Sale
Predecessor,
Successors,
Brand,XiaomiSmartphones by Xiaomi
Aliases,Xiaomi Mi 8
Unveiled,"May 2018,7 months ago"
State,On Sale
Predecessor,
Brand,XiaomiSmartphones by Xiaomi
Unveiled,"October 2018,2 months ago"
State,On Sale
Predecessor,
Brand,SamsungSmartphones by Samsung
Unveiled,"August 2018,5 months ago"
State,Not available
Predecessor,
Brand,OnePlusSmartphones by OnePlus
Aliases,A6000
Unveiled,"May 2018,7 months ago"
State,On Sale
Predecessor,
Successors,
Brand,XiaomiSmartphones by Xiaomi
Aliases,Xiaomi Mi 8
Unveiled,"May 2018,7 months ago"
State,On Sale
Predecessor,
Brand,LenovoSmartphones by Lenovo
Unveiled,"December 2018,25 days ago"
State,Presell
Predecessor,
Brand,XiaomiSmartphones by Xiaomi
Aliases,Polaris
Unveiled,"March 2018,9 months ago"
State,On Sale
Predecessor,
Successors,
Brand,XiaomiSmartphones by Xiaomi
Aliases,Xiaomi Mi 8
Unveiled,"May 2018,7 months ago"
State,On Sale
Predecessor,
Brand,OnePlusSmartphones by OnePlus
Aliases,A6010
Unveiled,"October 2018,2 months ago"
State,On Sale
Predecessor,
Brand,XiaomiSmartphones by Xiaomi
Aliases,"Xiaomi Mi 8 Transparent Explorer,"
Unveiled,"May 2018,7 months ago"
State,On Sale
Predecessor,
Brand,XiaomiSmartphones by Xiaomi
Unveiled,"October 2018,2 months ago"
State,On Sale
Predecessor,
Brand,LenovoSmartphones by Lenovo
Unveiled,"December 2018,25 days ago"
State,Presell
Predecessor,
Brand,LenovoSmartphones by Lenovo
Unveiled,"December 2018,25 days ago"
State,Presell
Predecessor,
Brand,XiaomiSmartphones by Xiaomi
Aliases,"Fingerprint edition,"
Unveiled,"May 2018,7 months ago"
State,On Sale
Predecessor,
Brand,XiaomiSmartphones by Xiaomi
Aliases,"Fingerprint edition,"
Unveiled,"May 2018,7 months ago"
State,On Sale
Predecessor,
Brand,LenovoSmartphones by Lenovo
Unveiled,"December 2018,25 days ago"
State,Presell
Predecessor,
Brand,XiaomiSmartphones by Xiaomi
Aliases,Polaris
Unveiled,"March 2018,9 months ago"
State,On Sale
Predecessor,
Successors,
Brand,OnePlusSmartphones by OnePlus
Aliases,A6013
Unveiled,"October 2018,2 months ago"
State,On Sale
Predecessor,
Brand,MeizuSmartphones by Meizu
Aliases,M1882
Unveiled,"August 2018,5 months ago"
State,On Sale
Predecessor,
Brand,XiaomiSmartphones by Xiaomi
Unveiled,"October 2018,2 months ago"
State,On Sale
Predecessor,
Brand,ZTESmartphones by ZTE
Aliases,"Axon 9Pro,"
Unveiled,"October 2018,2 months ago"
State,On Sale
Brand,MeizuSmartphones by Meizu
Aliases,M18982
Unveiled,"August 2018,5 months ago"
State,On Sale
Predecessor,
Brand,MeizuSmartphones by Meizu
Aliases,M882H
Unveiled,"August 2018,5 months ago"
State,On Sale
Predecessor,
Brand,XiaomiSmartphones by Xiaomi
Aliases,Xiaomi Mi 8
Unveiled,"May 2018,7 months ago"
State,Not available
Predecessor,
